Student_ID,Gender,Study_Hours_per_Week,Attendance_Percentage,Previous_Sem_Score,Parental_Education,Internet_Access,Family_Income,Tutoring_Classes,Sports_Activity,Extra_Curricular,School_Type,Sleep_Hours,Travel_Time,Test_Anxiety_Level,Peer_Influence,Teacher_Feedback,Motivation_Level,Library_Usage_per_Week,Final_Score
S1000,Male,36.33063543866615,86.6288149556462,38.18286284958548,Postgraduate,No,32727.50038678773,No,Yes,No,Private,6.777111730095104,2.488956461293379,4.526415669551501,1.698766983899032,Good,9.41654878053844,4,44.29353331659088
S1001,Female,9.582475626678896,73.5042549841483,95.78824865294325,High School,No,42332.5673124621,No,Yes,No,Private,6.631230931224612,2.19299250287982,5.920304685010915,8.459841486276627,Excellent,4.382245142614776,4,42.7499743947042
S1002,Male,5.795794883648924,65.45332055481857,73.93956371499925,High School,Yes,44142.27309301814,No,No,Yes,Private,5.311059006124782,0.8874864374926028,5.788195110858267,4.140010675376412,Excellent,7.373096514105629,5,29.84604855365568
S1003,Male,19.57811041110252,94.38126310568416,53.44339302599603,Graduate,Yes,64498.43418803946,No,No,Yes,Private,6.380781082517899,1.26709524855764,6.31387980840424,5.694394564102224,Good,5.281190362098629,6,44.03039459948256
S1004,Male,39.42601816442403,46.67184893836908,39.74904508643711,Postgraduate,No,42105.88477360015,No,No,Yes,Private,4.266326633025127,0.3979699321120277,1.551978600789544,8.150370702836415,Poor,7.069596866325834,6,42.54887729595585
S1005,Female,9.682210860460017,69.55750625745155,85.58176324892071,Postgraduate,No,58016.0732769726,Yes,Yes,No,Public,5.666932436690407,0.6482146217098419,4.259586293188555,8.959388923206742,Good,7.866040019989277,0,45.83475330282744
S1006,Male,26.88542189623514,40.68121868604514,73.40509291499595,Postgraduate,Yes,80361.12968605265,Yes,Yes,No,Private,8.900093052704309,2.370748248218525,7.508154464942987,4.103032780653823,Good,1.409072503922164,1,40.8999211656076
S1007,Male,30.4647846131487,68.11963851964758,67.34227643834251,Graduate,Yes,73484.70347009832,No,Yes,No,Private,5.707373810577385,2.173612284666983,2.805042259656847,5.156591331475993,Excellent,6.819403995537957,8,43.06616622174522
S1008,Male,9.505501759695987,43.37819654091024,92.57248081356704,High School,No,50173.1781861327,No,No,No,Private,8.909240012489485,1.821108712630211,2.832205397917244,4.730644583351131,Poor,3.040670659662501,9,34.78876609254011
S1009,Female,29.12865394447438,47.12907497608431,85.20180478571714,Graduate,No,87779.4559906752,No,Yes,No,Private,7.189596787626585,2.697607505185901,1.090815460201223,1.119259301535195,Average,7.030292840268101,1,50.81157464034617
S1010,Male,14.71132530877013,47.05157480662629,40.61724158129258,High School,No,60232.62246344766,Yes,Yes,No,Public,9.27917606416696,1.791472901657832,4.937337339473888,3.663485999727909,Poor,5.214971673404321,5,32.04887566614902
S1011,Male,25.29223322374318,78.95261812696381,51.82054474568838,High School,No,58591.52555519912,No,No,No,Public,7.448677325586491,1.454207199894471,8.944609426060797,5.132703103593056,Good,7.961974676783985,0,33.72493140514288
S1012,Male,25.34118843043579,84.7626927559254,47.3942397870126,Graduate,Yes,13076.89893452424,Yes,Yes,Yes,Public,4.178009338388438,1.087075164286712,1.467108492285781,4.699842479923958,Good,2.110607336850368,2,49.2564807503666
S1013,Male,21.43098736299034,75.00212590582959,82.07624048008739,High School,No,98802.36823214454,No,Yes,No,Private,8.052521245282534,2.8273006666349,2.720068385464024,7.497363047641115,Good,6.636901164905756,1,51.06604837485828
S1014,Female,3.611590802176332,97.73035290847253,32.34727043150455,High School,No,21067.37276766641,No,No,Yes,Private,4.269121408141412,0.3398748384206252,3.790760845084796,4.463232554989929,Poor,3.506236560347971,2,37.69286125774538
S1015,Male,33.41209982356952,62.49223477142225,69.89227794099216,Postgraduate,Yes,30801.78211848819,Yes,Yes,Yes,Public,6.703582113898804,2.799573378976344,7.585522629077916,5.404388040736032,Excellent,8.676837957975323,4,40.12033152358433
S1016,Female,12.83120259886943,57.14272517691164,83.37210800184835,High School,No,14652.71535173743,Yes,No,No,Public,9.576560166838684,2.497472513799953,6.765720335223278,4.86647732919127,Good,9.355451550726768,9,34.74353769840741
S1017,Female,7.460740415994169,92.11594769136761,91.37359457332246,Graduate,Yes,67600.26701532223,No,No,No,Public,4.991223636027101,0.4767967811535337,4.743495141236695,7.665635340049334,Good,9.967584643111499,5,48.07471752783145
S1018,Female,1.631005662190557,53.41575031116716,53.94572241011352,Graduate,No,30223.1059275412,No,No,Yes,Private,6.339234117649265,1.738454637258235,7.831620453325382,8.766751590882663,Poor,8.16406662184555,8,30.03319118461968
S1019,Male,23.63571772752967,97.79335236643668,87.48801132704091,High School,No,26200.93937254512,No,No,Yes,Private,8.37916185309087,2.612989147072352,6.486679104912117,5.787001711067627,Average,7.783606633852041,9,64.24116507704629
S1020,Female,27.1025744736913,40.72926848138898,37.74422158686451,Postgraduate,Yes,17970.00258009172,Yes,No,No,Public,9.293551336569084,1.758246574460746,9.064367196914972,8.10488974775672,Average,2.939506829807959,3,33.84054453088932
S1021,Male,0.6635131571142461,98.19272960245834,89.25166042141628,Postgraduate,Yes,19297.80614116141,Yes,Yes,No,Public,8.025658028455048,2.730879482525804,8.362240742248236,3.671080138178655,Excellent,4.024063530910979,6,45.46604292570208
S1022,Female,20.48372233197124,42.58959471703457,38.92420636323877,High School,No,62620.36303983298,Yes,Yes,Yes,Public,5.549039525147015,2.834653068766523,3.275322454802805,5.872326491415418,Excellent,5.191142875860516,5,23.25682374683758
S1023,Female,9.059831007917518,93.46858682188426,57.81011033922571,High School,No,71938.70792799359,Yes,No,No,Private,8.047647117497297,1.324915114334487,3.442947198707802,4.107069583029752,Good,7.960429430040247,1,45.81068573290732
S1024,Female,25.806911616378,71.66206654517799,85.81067560456876,Graduate,No,45764.10896179609,Yes,No,No,Private,5.78036584662454,1.194209618078339,2.128208282131471,4.727808330146473,Poor,9.234692785701718,9,45.57485350820385
S1025,Female,6.974657160199658,99.57788776715802,40.49421991441417,High School,Yes,53190.73734328659,Yes,Yes,No,Private,8.31057537891241,2.815331346510555,4.032682531457109,7.591724783314017,Good,2.702251900206861,7,42.99604916569732
S1026,Female,27.63750952409864,44.42779388412393,46.0475976662849,Postgraduate,No,71737.09623846857,No,No,Yes,Public,9.724198765510243,2.057906177334037,9.995895268471848,8.934962340994414,Excellent,9.301307362030926,6,32.33291863831717
S1027,Female,15.4694138520215,73.23125706407924,80.55767978751464,High School,Yes,11564.18111669317,No,No,Yes,Public,8.32836070663773,0.4364657759096909,4.651760517535549,2.093458519789889,Poor,7.260621871186522,6,52.95423125296809
S1028,Female,37.46919954946938,98.15815213714595,80.4025575582252,Graduate,Yes,39081.75913632507,Yes,No,Yes,Private,9.177283017474474,0.2226460727457755,2.984395912201958,6.711753308386425,Poor,6.496936576165347,7,62.1347339649809
S1029,Female,5.50083776583973,71.38587065020893,74.8803343019708,Graduate,No,97578.79732633117,No,Yes,No,Public,4.012623059055301,1.737424247892063,7.862345960279977,6.239294268200187,Excellent,2.798571441537455,0,38.25663207975663
S1030,Male,13.64265404201034,77.76391828811575,78.576391112697,Graduate,Yes,62210.10067259213,No,Yes,No,Private,8.305432748389567,2.797495799771431,5.882239031163905,2.065735352583387,Average,1.499725295282355,0,41.98578074910575
S1031,Male,4.538940849623563,81.74492133907702,67.99071103433172,Graduate,No,32880.21219077439,Yes,No,Yes,Public,8.977525341191502,2.548321236976873,2.346413045742573,2.907048973960982,Average,6.116184086571459,7,36.85723453123395
S1032,Female,36.98774473114251,67.27246388606639,47.62593412348669,Graduate,No,56955.70419725918,No,No,Yes,Public,4.243352425268089,2.059958464746575,4.426207130447792,3.799022452594123,Poor,6.863641149960031,3,44.67895436859248
S1033,Female,35.09357413523924,77.6534848050438,54.19871954527436,High School,No,40838.81393088238,Yes,Yes,Yes,Public,9.229586363729384,0.5034359617841538,4.73022743985409,2.502379637357513,Good,2.897033044192194,4,46.21352495977535
S1034,Female,10.31766510860622,75.05885871538601,42.7118401760998,High School,No,57902.04899436692,Yes,Yes,No,Public,5.540165369860275,0.8372710128712172,7.784467305122967,3.193565342719076,Average,6.008105852429107,7,28.98333279900611
S1035,Male,26.39936184136716,94.06948062945935,93.59153929335397,High School,No,21316.73606259839,No,No,Yes,Private,7.991752611868331,2.638982557002587,1.18604232002714,3.408407189755367,Good,8.708440624863162,4,56.62294559885676
S1036,Female,32.68888800804864,42.72678282048747,70.83742563362844,High School,Yes,21944.31884373497,Yes,No,Yes,Public,8.80212927414044,0.6301409863050113,3.421176821184794,4.021064497351537,Average,8.51559350909518,9,43.26502460600123
S1037,Male,22.20803246397849,56.85779137553382,58.05959917345479,Graduate,Yes,22918.81258354536,Yes,Yes,No,Private,7.975987078356133,0.9074742839262602,5.658366711839698,7.744514075210431,Average,9.346196625276674,3,27.02898054066054
S1038,Male,21.18602313424026,97.02468904459352,62.34040625508928,Postgraduate,No,94583.78127341575,Yes,Yes,No,Private,4.553708752439544,0.4758418884667817,3.41962068207559,6.147209834655406,Good,4.292972286011924,5,48.87230951308509
S1039,Male,9.674091636018067,93.41582703345497,96.30983377282708,High School,No,75960.90265072076,Yes,Yes,No,Private,7.57792911316221,2.060713871101792,6.65590642677099,9.876220047562613,Excellent,3.862446152958269,4,46.54714606936231
S1040,Male,3.724110712235968,67.33940516714277,40.73459821812561,Postgraduate,Yes,24614.37051960888,Yes,No,Yes,Public,7.297501940332862,2.837548685553308,5.336807313471549,4.732622442707239,Average,7.744834053827278,6,21.4112427677319
S1041,Male,35.88863031813307,77.2079558680922,71.0360882411758,High School,Yes,26951.41753890413,Yes,Yes,No,Private,9.401927608445629,0.8800072916266193,4.255392293736225,7.784785664532325,Average,4.880011645873045,9,42.67114803767086
S1042,Female,36.01672228653322,56.64287097886796,65.41220752191262,High School,Yes,75774.65273837888,Yes,No,No,Private,6.425438377865255,1.478679162765214,9.54287764183461,8.843215792388804,Good,1.787937976250026,6,36.38946287762121
S1043,Female,25.32405829093072,51.28726958342568,72.80179648042534,Postgraduate,Yes,24054.74603129565,Yes,Yes,Yes,Private,5.926486582522301,1.939585245162492,6.689435492678117,7.110806437342378,Excellent,3.545210176034498,3,35.45037866162358
S1044,Female,13.56119164194803,67.82190429639893,31.26771286745884,Graduate,No,31110.51640013458,No,Yes,No,Public,8.499104586618797,2.998452119825329,2.169472350411471,4.706782663757464,Average,4.767240569783402,4,24.8240665881442
S1045,Female,13.96838298450644,61.20113368156317,91.0486736260906,High School,No,96701.21495383591,No,Yes,Yes,Public,6.476051956500379,0.4039433884929591,6.040825276990559,7.782351676711777,Average,3.632647829286268,2,54.90847770557523
S1046,Female,29.03822715480958,75.01936671105233,95.24827977385287,High School,Yes,32977.58722555886,No,Yes,Yes,Private,7.876577050030378,1.545855318566557,8.026586678808108,2.833004239954164,Excellent,3.989850138525894,3,52.56424975681414
S1047,Male,35.88441039810309,44.66407821789909,69.55932285124462,High School,No,69546.91153340321,Yes,No,No,Public,7.878700540747642,1.21684834771725,7.376407277435176,3.947969486621192,Average,3.643983155569517,3,45.04312718953459
S1048,Female,35.48345697060469,98.46368845996999,78.76555767138245,Postgraduate,Yes,98076.81586604773,Yes,No,No,Private,9.328234386160707,2.61087847914483,2.548803063657334,5.920167295893599,Excellent,1.373492504647715,2,59.51819471418225
S1049,Female,31.19502183430495,99.17264466877617,94.5749566824107,Graduate,No,43686.70904258134,No,Yes,No,Private,7.592154413914584,1.480306419933802,9.75177999136093,6.178684485575335,Excellent,6.733852307419983,9,61.34035060327967
S1050,Male,25.68126584617151,81.88970284118471,79.5067044019379,Postgraduate,Yes,11576.4391775856,No,No,No,Public,7.012921659771921,0.4218348212969295,5.039322811719454,1.199273279253665,Good,6.375631783181223,4,50.11524092365695
S1051,Female,3.365598599801953,72.16578198064722,40.6777330039983,Postgraduate,No,31973.25613801368,No,Yes,No,Private,4.833227958379102,1.939830021331093,2.431225033662352,9.506027698804079,Poor,6.880451486308125,4,22.00624691925349
S1052,Male,6.465148563784551,58.57165697717966,70.34018521167692,Graduate,Yes,84778.94722075349,Yes,Yes,No,Public,4.694425640072232,2.335263792965252,2.621761787153331,7.26964544095651,Excellent,2.730789064302647,6,42.65708412584889
S1053,Female,35.94216754108317,88.82770118241692,72.47005324679992,Postgraduate,Yes,87814.79523595331,No,Yes,Yes,Public,4.925929391698476,0.1083556298302823,1.884114929701724,5.46133375208702,Good,3.660890874512368,3,62.91940644514607
S1054,Male,24.2571623863836,81.08387035323275,59.68914699116702,Graduate,No,79166.74280714121,No,Yes,Yes,Private,5.031090887962567,2.590974387719826,8.231662975914409,9.398145109674775,Poor,6.576543342504301,3,35.41308965193667
S1055,Female,0.3678820646651859,49.75701636069348,81.5510964937306,High School,Yes,20179.88371689157,Yes,No,No,Public,7.827262555981804,0.6394667000164302,2.098274448896638,4.951860087257456,Average,6.396648116139293,8,29.44374209169205
S1056,Female,4.058861714641284,94.65563106963054,95.40569103383103,Graduate,No,81595.93345267628,No,Yes,Yes,Public,8.445887501647471,1.701001157494796,2.126127314275722,9.823920132433345,Poor,5.55697278418841,5,47.7773264980469
S1057,Male,26.54007076432223,89.35223457539014,94.78979590347434,High School,No,92681.00172941538,Yes,Yes,No,Private,7.179949137558513,1.305812751993605,8.654244532847539,5.610562815191366,Excellent,4.153719250091777,3,52.10072501729827
S1058,Male,0.2024633538487475,96.98799479751544,61.55875599828924,Postgraduate,Yes,64054.85882916125,Yes,No,Yes,Private,8.974106395272946,2.186996068170538,4.101436760028037,2.028571929981815,Excellent,9.216379042972209,1,40.47603886780869
S1059,Male,6.432322056699946,83.5431705033016,37.92666320885287,Postgraduate,No,94678.78207042583,Yes,Yes,Yes,Public,9.9475793604018,1.176368682878651,1.277721138772652,7.883208752133495,Excellent,4.057932180689594,5,27.01820087396309
S1060,Male,21.94935157466345,76.80491175614739,98.93888392736342,High School,No,84415.49953406896,No,Yes,Yes,Public,8.920075774716135,2.622313212376961,1.467057695665698,7.110079525700565,Excellent,5.100572407935264,1,64.6476684983369
S1061,Male,27.67580790770773,65.09458217743713,88.72286605121539,Postgraduate,No,70027.43652918166,No,Yes,No,Private,8.169294242055756,2.218439446780492,2.27953402033506,7.956880491750281,Excellent,7.103024478587878,4,56.65884238565312
S1062,Male,26.07845038010402,95.9637090012408,38.72638768422868,Graduate,No,61946.67130405733,Yes,No,Yes,Public,7.194956196622879,1.978368196082472,2.920540131781206,9.56297825853113,Good,5.887192877800877,5,42.30490841071945
S1063,Male,8.970772378422392,91.9638333700245,94.45893178321606,High School,No,41371.63005177734,No,Yes,No,Public,6.69311843004825,2.409097727132278,6.986315748145648,7.988403723859163,Excellent,4.121973787279471,3,55.45368647693734
S1064,Male,28.48716885390143,42.71312020637136,90.89274534434898,Postgraduate,Yes,24335.87007185246,No,No,Yes,Public,4.506354283267254,2.286666801292309,2.415936520016454,6.502029419949822,Good,4.920803114108589,2,52.73481730792609
S1065,Female,9.489963499872003,41.58201846983512,66.31866399882504,High School,No,64445.85304214867,No,Yes,Yes,Public,6.396212490368145,0.2042221572725047,2.069869520593648,8.715780121247569,Average,8.150327360681555,6,29.18825085327212
S1066,Female,13.01598792637071,62.58780201268297,71.38928050214506,Graduate,No,38630.03982563075,No,Yes,Yes,Public,9.460807820692805,1.244729626150002,7.882472273286512,7.059217954190784,Excellent,3.503162399379512,1,35.05965350101857
S1067,Male,29.85965620472097,88.63319984690997,57.93018927090912,Graduate,No,87979.48007748809,Yes,No,Yes,Public,8.848135779439318,2.799341162217821,7.03949755473923,4.673071511433308,Excellent,2.280297157991339,5,47.44027454739135
S1068,Female,25.98531596188859,99.23656775889667,33.83331471754219,Postgraduate,No,99400.32436227656,No,Yes,Yes,Public,5.296308190070123,0.4646003800774561,4.917917993097126,8.970577878175959,Poor,3.818468816467994,3,44.69961497428715
S1069,Female,33.96893641976712,49.02501346621169,53.46380691521307,Graduate,No,77718.49863540153,Yes,Yes,No,Private,6.799646708183295,2.237579996252949,5.943787943320936,2.997104147059356,Average,8.645807939391112,5,40.12702132898019
S1070,Female,26.30451569201373,75.6478429211281,86.19974140186079,High School,Yes,18143.35257583457,Yes,No,No,Private,8.900339215351266,2.926316252872456,3.807856182937766,7.431771474178518,Excellent,1.80090743370712,3,43.62631487063437
S1071,Female,22.73234413341886,62.85345139786129,30.3242416103222,Graduate,No,35981.70359775743,No,No,Yes,Private,4.404307328713135,0.2513760242304177,5.342503782118246,8.934071094466812,Excellent,9.925264660352067,3,26.74677819628225
S1072,Male,3.746990713123699,98.19486386887618,53.3449420183801,High School,Yes,19819.86685891748,Yes,No,Yes,Private,6.324355514011955,2.07836225381717,5.560053840844712,7.581848677329666,Average,5.869026090348963,3,36.77138734656685
S1073,Female,14.70863212237734,90.52713538814251,57.87180855136603,High School,Yes,68546.04830125443,No,No,Yes,Private,9.111047421243686,1.457647009772988,4.485135440602863,7.275478771484712,Good,9.863611695703845,8,40.9720944703601
S1074,Male,10.60809470726902,90.29972228266827,67.6176922056546,Graduate,Yes,78867.17781002061,No,No,Yes,Public,6.423387185020743,1.779608240586694,9.159149896049465,7.773744646646525,Excellent,9.450967798773798,6,52.45120088508668
S1075,Female,9.759585735163343,68.12158958769822,94.38989314889324,Postgraduate,Yes,93310.73477926406,Yes,Yes,No,Public,4.465687868388645,0.347489875804542,1.144556784829055,5.185497234705799,Poor,5.075323427898251,2,38.91518044427796
S1076,Female,38.92042219009782,64.8891701402599,54.24421960561729,Graduate,No,49435.51117707889,Yes,No,Yes,Public,7.255206211193508,0.2247201604141245,8.039541367821215,8.867536139413234,Excellent,2.786419671448142,2,47.34721499495568
S1077,Female,15.72390898667042,56.40442431584238,54.28672413273594,High School,Yes,91123.80846295999,Yes,Yes,No,Public,9.170454969509773,2.033913315597673,2.119445481171919,2.830928276224821,Poor,2.483962989086246,5,41.30203123929888
S1078,Male,35.68186220708454,43.38252979905563,81.62508736768238,High School,Yes,89010.20431371947,Yes,Yes,Yes,Private,7.541713257718959,2.487597346480082,8.177926244834795,2.146477744003054,Poor,3.159904274829618,5,58.79402578006363
S1079,Female,25.24554503989052,91.8833425753032,61.6552558622865,Graduate,No,38547.61450888588,No,Yes,No,Public,5.357674649285391,2.367844471305605,6.54320724109049,3.569579021066604,Excellent,7.391193765080835,3,44.94947617378299
S1080,Male,31.79245214166594,88.77406054780465,45.72233760579874,Postgraduate,No,88201.0562986514,No,No,Yes,Public,6.305437720824288,1.677036610812088,8.589502818427622,5.784196570974938,Excellent,3.456549952583391,8,46.64564151156793
S1081,Female,20.10548372420768,99.98306039716783,61.67076612928854,Postgraduate,No,43810.50266935538,No,No,Yes,Private,6.700740167091594,0.3896137812949168,1.877628930768077,5.595056158684043,Poor,4.072827426438685,3,49.38883719389644
S1082,Male,23.07615538505436,99.79821022443431,39.85999142658599,High School,Yes,36718.23471042527,Yes,Yes,No,Public,7.475598122923161,2.09532888712444,6.030825706897966,8.385388819089279,Average,5.039009235951533,8,42.12551028465086
S1083,Female,19.70070775275456,73.32590233615764,42.34708905543563,High School,No,68416.71929149538,Yes,No,Yes,Public,8.556106154515678,0.8014777623070232,5.509790922359774,4.641117907636157,Average,9.219094123793107,3,34.75536427876752
S1084,Male,7.80971951192178,86.13924491083063,64.88574409176358,Postgraduate,No,39554.3105096573,Yes,No,Yes,Private,4.593241705843813,2.742099238025412,7.355738646670228,5.359099836623578,Excellent,2.704540760963615,1,41.99733696196415
S1085,Male,28.89808461046021,96.68594379294568,59.32478146531835,Graduate,Yes,66718.78734962299,No,No,Yes,Public,9.337912198105398,2.530969542682544,5.808614967043082,1.120309149334561,Good,1.045238973488228,1,36.0326266162703
S1086,Female,11.23089449763423,90.97884344064468,94.039213074767,High School,No,64884.86249488251,Yes,No,No,Public,4.073858218096453,2.157210604553434,5.866611104197938,4.687653127986452,Average,1.540867693403531,4,54.31023785992588
S1087,Male,0.9726386572581536,54.84088610459186,55.36757293816432,High School,No,60709.5034613613,No,Yes,Yes,Public,6.220314008045531,2.851653271910278,4.866363492184583,6.829968096553078,Excellent,9.142897075121061,3,28.59839408358076
S1088,Female,25.81889183628671,67.03264811860561,70.64118451946304,Postgraduate,No,44237.7733809518,Yes,Yes,Yes,Public,4.164521859835946,0.1911232823826915,3.779509816066068,1.13957497563933,Average,6.827648183590268,6,43.81406723018339
S1089,Female,7.084427176281958,47.7495649090897,74.25850015436713,Graduate,No,59364.97494863291,No,No,No,Public,6.357845352071747,2.23498123267621,5.34037925126973,3.527937686676194,Good,3.457365573950261,4,44.89554487723865
S1090,Female,37.61834337411657,97.24306163552333,30.91661196118335,Postgraduate,Yes,63683.69274868794,No,Yes,No,Private,7.154875593239943,1.057704060075575,2.066431228915605,2.87160723360451,Excellent,2.59473250910072,5,40.39626317115355
S1091,Female,38.15714308010349,76.3704780670528,76.44761604116974,Graduate,No,59111.81996459261,Yes,No,No,Private,7.07008831948907,2.727591068490459,9.653620050847763,1.377868860186294,Good,3.648400629734029,9,51.45585771247773
S1092,Female,36.59457560881794,53.71856833020776,42.4625176808826,Graduate,No,49997.75074760814,Yes,No,Yes,Private,4.993770082169592,0.873358070319735,7.429696872639385,5.313340809230837,Excellent,2.033172345261521,3,48.07806572485718
S1093,Female,14.80634801021777,80.30204106435141,97.27492222286186,Graduate,Yes,11320.03513416374,No,Yes,Yes,Private,7.874443060573673,2.20208384801355,9.57220405019062,2.635509639053408,Good,9.47379619255997,1,47.00511755956666
S1094,Female,0.6182646611546971,77.08769442747375,40.40639094271791,High School,No,62835.55369310359,No,Yes,Yes,Private,4.268670703028009,2.645176356987266,3.040546440969669,7.687733856682421,Average,8.057855569287401,9,25.03618561808931
S1095,Female,37.13274250350901,61.48976308197043,59.02368866089166,Postgraduate,Yes,25159.99466284477,Yes,Yes,No,Private,8.571440920794492,0.220804773309779,8.914069181588752,8.631350953870136,Average,5.161520592212867,8,44.12302909891094
S1096,Female,17.12736593269257,46.81345553197774,35.97447676550507,Postgraduate,No,67831.83720524707,Yes,No,Yes,Public,9.679866603961278,1.253177980816905,8.279109861071845,5.910266644022331,Good,8.784663446036816,9,31.20965291977184
S1097,Female,38.66619276174679,80.29439173556798,99.78119762921631,Graduate,Yes,78340.98951305794,No,Yes,Yes,Private,6.038612962906708,2.310696192863622,7.094371712119063,9.835366082690275,Good,3.245123838639091,6,62.49872727734378
S1098,Female,38.54479908357011,71.2184620542276,65.15365072318698,High School,Yes,55040.07782176673,Yes,No,No,Private,7.103436290285991,1.419264779572003,6.625262674766851,5.054307143235358,Good,7.454085116249741,3,42.74458052546834
S1099,Male,34.12037821869441,86.33910350413836,71.67695121240307,High School,Yes,58812.72984817644,No,Yes,No,Public,6.273461668352886,0.8750326264014264,3.84894698741083,5.62031389202424,Excellent,8.705192491123691,2,49.75821453639041
S1100,Male,11.77795568278343,71.2098100667196,34.69535341718992,Postgraduate,Yes,95633.0703699392,No,Yes,No,Public,4.040262341824359,0.7374355115872511,8.347697064685278,9.902959785619752,Average,4.210918404609453,9,26.32497814555321
S1101,Female,15.40390914407701,91.1308900191124,82.49723292794245,High School,No,86245.06252353168,Yes,No,No,Private,6.315247017370695,0.481402974057496,5.513639153317604,3.08393592368544,Excellent,7.817180009056459,2,48.75080631372079
S1102,Female,34.04546686067427,73.11441032646914,44.693391516691,High School,Yes,92281.2864356323,Yes,No,No,Public,8.750321555568078,2.585675723583218,1.638024183021568,9.482913457092147,Average,3.655651143378784,8,43.77830455771998
S1103,Female,12.67688020625111,73.65627829212318,92.86380026084996,Graduate,No,83238.96594876278,Yes,No,Yes,Private,7.575933053100891,1.768530669429512,3.81576844769617,1.385537996072019,Poor,3.689714217331277,4,49.75217659861993
S1104,Female,6.7797098674437,92.5992161595007,44.3597748337405,High School,Yes,19802.65076620583,Yes,No,No,Public,4.607559487690954,0.3215163404752224,9.417673886907949,5.017482012368753,Excellent,1.963514606987675,2,25.65960085875776
S1105,Female,22.27205049833401,64.20897197274383,43.34814044645666,Graduate,Yes,23409.26703731752,Yes,No,Yes,Private,9.08283693816271,1.209482938354843,8.656122345443617,1.630031609197592,Average,4.960522418584588,4,40.07476166562365
S1106,Female,37.44619096643124,48.04091370703844,32.55847674936664,Postgraduate,Yes,57396.14175420636,No,No,Yes,Public,7.186512069311457,1.166427587334819,9.837151282688852,7.563112686222787,Average,7.5674071584768,1,35.6170463827733
S1107,Female,27.84119186699892,41.72696057880034,63.04468615769995,High School,No,32146.26929181984,No,No,No,Public,9.050340170468058,0.6270436530574426,6.651940443436883,6.47568042292016,Excellent,9.461987250141565,3,45.31793494783916
S1108,Female,22.8024468035746,85.30823534041714,69.53887932838315,Postgraduate,Yes,52902.59275370432,Yes,No,No,Private,7.481329112710176,1.362972113869353,3.227590658263708,7.359708371208368,Excellent,6.434172927361865,9,49.26528122448157
S1109,Male,3.887059750830741,77.21857308120788,34.59960475998466,Postgraduate,No,45492.87914365152,Yes,Yes,No,Private,7.35813066902764,1.063088159640096,2.465335447091774,4.370323599712153,Average,8.76821983962165,1,32.88503473324808
S1110,Female,24.60028906796679,82.24478608595342,84.28693316865073,High School,No,59447.2814587408,Yes,No,Yes,Private,4.631555111182074,1.091230745927329,2.682229965476155,4.325337406282422,Excellent,8.402451843612043,1,53.90787935222326
S1111,Male,39.60215400417053,52.77784969053464,61.73021843236194,High School,No,77218.81445222405,No,No,No,Private,5.004158398831768,2.24317701758508,1.178160925125289,1.407873510648051,Good,2.560087476777528,7,51.64662585049746
S1112,Female,5.603360609460961,48.18228853520618,66.7073188529306,Postgraduate,No,74394.18163893471,Yes,Yes,No,Private,9.832151538979547,0.7474638179650692,4.516138998873453,4.149504455766758,Excellent,5.372356860213683,0,34.5012507867937
S1113,Female,20.73318609454947,40.87267994007291,60.85339228567597,High School,No,56911.07192368009,Yes,No,No,Public,5.370920480528625,1.961393880680531,2.722849124495883,9.363595620358534,Excellent,2.052311819728523,6,34.23425187932264
S1114,Male,35.09492287711821,61.03525352839582,58.05341426127282,Graduate,No,84015.40769353522,No,Yes,No,Private,9.864712707942207,1.754883909254711,4.704899144110322,4.413038834624041,Excellent,7.139378454054714,4,55.0232177371427
S1115,Female,29.63074471016818,75.39506121127798,69.17482319157526,Graduate,No,48777.588238423,No,Yes,No,Private,7.19147623914558,1.747468285779815,9.41494988654889,8.48230935599773,Average,9.549097014214684,7,52.1289426951949
S1116,Male,27.88062963981072,63.53464270598394,40.86681721514988,High School,No,90704.286085611,Yes,No,Yes,Public,4.814734282383623,2.02272130381115,4.87486188556471,8.580929542749406,Good,2.233805122708809,0,38.98794766668811
S1117,Female,28.09936335948437,66.24849532142375,42.73496913466898,Postgraduate,No,16415.22430496475,Yes,Yes,Yes,Public,4.595813216522158,1.690307904967397,8.901860472863515,4.359170407413105,Poor,7.604948177222871,6,30.92841306578751
S1118,Female,14.37964604879021,94.2495216696249,90.32499347094621,High School,Yes,95919.40270299767,Yes,No,Yes,Private,5.25318442423444,2.649839833054516,6.449542899542888,6.687898123565701,Poor,6.690143357810749,4,45.25772270740723
S1119,Male,11.74367377057973,60.89532802139802,96.2280823493543,High School,Yes,68922.37732882134,No,Yes,No,Public,9.553823980152014,2.059182266655753,3.224183991952527,1.858344420457528,Good,6.252445333072898,3,47.20853722802705
S1120,Female,32.37444621914054,70.83936934958865,56.13165213958271,Postgraduate,Yes,44206.70580434848,Yes,Yes,No,Public,6.484901345969361,1.686193428977026,4.202692833332902,1.933107226608489,Good,4.511082112195053,6,44.68475398828997
S1121,Male,32.40453578716723,87.01918076446859,48.95212712004876,Postgraduate,Yes,27743.87139155896,Yes,Yes,No,Private,6.372605607957486,2.50631304883417,1.755275822392865,1.43791897295542,Good,4.196184829784313,9,41.98067577873366
S1122,Female,34.68289274320415,63.79256693927621,75.07996802673111,Graduate,Yes,53126.490649924,Yes,No,Yes,Public,5.879237566421044,1.857825038307091,4.001163342364094,6.229135840375985,Average,1.407242701169991,1,49.86057439121654
S1123,Male,36.52962210225886,77.32520201367241,58.61139197686675,Postgraduate,No,27510.24908667709,No,No,No,Public,4.88237110339953,0.9443183185770191,7.097868509531806,4.834638798634874,Poor,2.961178374268121,0,55.60344147691603
S1124,Male,20.45369595443751,91.74182252480472,31.77704489622414,Graduate,No,24969.84469688279,No,Yes,No,Private,6.927107183154439,0.7005752627120565,1.648999836364917,5.932291209978161,Good,1.136591940581442,0,39.53996872835469
S1125,Female,20.06065178748798,96.97123741945853,40.93068181563332,Postgraduate,No,65561.65816716768,Yes,Yes,No,Private,4.780286695066832,0.5417505784217685,2.848612676302264,5.689658714575491,Average,6.232753950238185,0,33.99267019481321
S1126,Female,31.93180715867101,48.82440885574228,80.11805601931783,High School,No,57077.62521236062,Yes,No,Yes,Public,9.012881418293965,2.708420116383695,4.432969372719803,4.151826919816573,Poor,1.95267912290118,4,46.01547730469748
S1127,Male,25.99855723111061,95.59525750968967,76.12467593371059,Graduate,No,70308.64311498476,No,No,No,Public,6.222381917651839,2.159392752214391,9.838445833143663,7.097260733411256,Excellent,8.857174546267444,9,48.33104477023254
S1128,Female,28.07867509030813,69.52697758477228,31.89671947524385,Graduate,No,93664.52896797903,No,Yes,Yes,Private,6.248821406690778,2.81839747067653,8.06375640662992,7.826516928247516,Average,5.708287186274487,6,32.76738181360805
S1129,Female,31.83170677744404,55.4946632979375,45.53805133530646,Graduate,No,57903.41920051361,No,Yes,No,Public,6.844038570898936,1.849546236573335,7.601380718428935,1.131654329899082,Poor,7.297209181528376,1,35.42495244300884
S1130,Female,35.60021367270265,67.54814537429567,46.175235761165,High School,Yes,62283.88479365179,No,No,Yes,Public,6.664766278994509,1.472862556335246,2.045718608729014,2.865180697919905,Average,4.697713826564469,9,39.21405735926967
S1131,Male,13.51980627406143,98.80195451712862,77.03249205191099,High School,Yes,18066.37052394479,No,No,Yes,Public,9.96914783835593,0.2731778180155791,8.028963042534922,7.419122812750031,Poor,6.045218281009438,7,42.00238416875662
S1132,Male,15.02331810559776,69.55708563957218,31.37973764280549,High School,Yes,74587.22073177666,No,No,Yes,Private,7.272286727309815,2.047762616483486,8.067419303644137,4.479581553704508,Poor,9.483932592699674,3,28.69639225540423
S1133,Male,3.75927759363476,59.72509661725049,37.28760073892017,High School,Yes,45991.46861237406,No,No,No,Public,4.529210222739224,1.78840540332787,6.409924260618954,6.962355522474473,Excellent,1.744606356613037,2,21.8319723983435
S1134,Male,23.13120563984696,78.00405125900355,85.99412597612326,High School,No,97905.2714796321,No,No,No,Public,7.641264049461579,2.971605791404102,9.913256037985347,4.122663937611026,Average,3.285439947313265,9,36.00428685056513
S1135,Male,1.437690951869683,54.40873712669158,42.49812634380335,Graduate,No,84085.66140360943,No,Yes,Yes,Private,4.90950575721928,0.7935604555685047,3.927285153320967,4.516796370966734,Good,8.019894942194899,7,34.47112183173551
S1136,Male,18.6239207252984,44.55179968651984,75.69222754963123,High School,No,57023.29364645065,Yes,No,Yes,Public,4.185625868388052,1.639138330331824,9.471452034176664,2.428109863207164,Excellent,1.888634861943993,1,44.51144476339606
S1137,Male,21.70578538830306,47.73278331463895,46.67279467327086,Graduate,Yes,21090.03887549495,Yes,Yes,No,Public,9.82445292206349,1.987776271842411,9.232580034608532,3.32407917699544,Excellent,1.680949935136998,2,30.34920559560529
S1138,Male,11.46165008513138,47.68275033746635,36.96089749315416,High School,No,87347.42139525303,Yes,No,No,Private,8.641233349207383,1.969314406752797,1.103325937744401,6.448705817568285,Poor,4.253872588786347,2,25.30357459819506
S1139,Male,23.63333042276043,49.11416161073766,47.02205336996178,Postgraduate,No,81980.29858816195,No,Yes,Yes,Private,9.880653954482602,1.727751274550368,5.051048738273299,4.898468001836497,Good,1.829511626251891,9,27.52450876565243
S1140,Female,1.220009997561977,48.32963035896461,80.55868522989614,Graduate,No,26612.66165833297,Yes,No,No,Private,6.867270688133455,2.353091229948954,9.79393809746416,7.968724146501357,Average,6.265705979855828,0,42.80015002884088
S1141,Male,1.493927549968577,78.45248468819287,89.89875276744,Postgraduate,Yes,36575.04602982791,No,No,No,Private,7.193545186893857,0.6944455076277676,1.928092261672682,8.673264594445085,Good,3.036477257349398,5,52.74413726172356
S1142,Female,32.90402242638633,50.91280506394869,88.11539051968941,Graduate,No,81406.65323330536,No,Yes,No,Public,5.010021735514782,2.204318880795806,5.930062249449875,5.874817763950839,Good,9.06128166879435,1,50.56225578048372
S1143,Female,14.40762565645052,60.74003699943179,57.80284707329184,Postgraduate,Yes,26670.56018926687,Yes,Yes,No,Public,5.481444560005514,1.897230257155959,9.810617563369936,7.824405628504532,Good,8.05150072760731,0,40.36956500538085
S1144,Female,5.082420506075391,93.80730459436072,76.76595955994523,High School,Yes,92597.72402542396,No,No,Yes,Private,9.031295289416969,2.698617824204263,5.999458816952742,3.76214061875113,Good,7.297346854895285,1,44.70065088395549
S1145,Male,20.88973040219217,68.43769841577235,44.34890067910747,High School,Yes,48207.46826767257,Yes,No,No,Private,6.137113882705565,2.556863873197387,2.708337726749404,4.734740938600703,Good,6.552496246460517,5,28.66447485338392
S1146,Male,30.79974212394443,80.05346431126162,50.52034111827093,High School,Yes,17833.50663288928,Yes,No,No,Public,8.960889842778514,1.013926413484404,6.239649070833308,7.414999085951479,Poor,8.771191573073171,3,41.4275752024931
S1147,Male,8.632841099873726,50.33919227209779,92.74350729647838,Graduate,No,83417.37791538528,Yes,No,Yes,Private,8.25408234572219,0.9010882424279438,2.839965165545922,4.475907935353276,Poor,3.007558553884812,5,42.00366691717235
S1148,Male,24.91561903276001,51.53734112852025,30.91013464575152,Postgraduate,Yes,43615.87147345488,No,No,Yes,Public,5.063025551631193,2.946794639172099,5.677338366050358,6.296544416430899,Excellent,8.857979584878048,8,27.27401763881629
S1149,Female,3.41389859975072,42.45211697598873,35.98559715981277,High School,Yes,57384.92747384029,Yes,Yes,No,Private,7.044678196718452,1.629069024654244,1.666379961211132,2.668355011742603,Poor,8.105430685816472,9,19.55839559586668
S1150,Male,2.067268846744308,50.13610378432988,44.55203786022192,Postgraduate,No,20107.39099700972,No,Yes,No,Public,8.064323929112302,2.728620795351867,6.449344022929642,6.397941834734482,Excellent,7.73344743748917,9,23.7627418660847
S1151,Male,21.25418526272592,56.71542034191752,31.85725427116738,Postgraduate,No,10232.56133604841,Yes,No,No,Private,5.410223288822951,0.5752549689633983,5.651109452153424,8.753623365042042,Excellent,6.051301102674317,7,28.99754196549678
S1152,Male,21.62540486440426,50.62062905660481,42.70048045628581,High School,Yes,67418.66852139679,Yes,Yes,No,Private,8.984131063120461,1.964174852920505,7.661452318853168,8.81775675841083,Average,3.216197448735401,0,31.84572434645583
S1153,Male,25.49719605992826,45.32215202542334,70.81290926787845,High School,No,56365.76533003584,Yes,Yes,Yes,Public,7.268965945271121,2.4485945433457,6.676304240429065,7.519099656965857,Good,4.811931243927067,7,35.2041562774365
S1154,Male,29.04365334890646,47.23815226603605,59.49971854147486,Postgraduate,Yes,63418.47122108324,No,Yes,Yes,Private,4.991452302655619,2.847446223800696,5.94645641677681,7.711780411685134,Poor,8.142135890849215,8,35.32992660957257
S1155,Female,39.03408317850138,67.64672608196355,92.48701977538823,High School,Yes,81436.94653424647,No,No,Yes,Public,7.497906556987615,1.078286408949368,7.20800964323309,6.021347006356306,Average,1.28600635921592,5,50.46616309190989
S1156,Male,20.65201393204781,52.38002310434755,87.22104932169086,High School,Yes,68194.53220805741,No,Yes,No,Public,9.998282824935483,2.202445392779752,2.295477222150078,6.262012811492423,Poor,8.038456923373825,9,49.79220273862689
S1157,Female,12.91825891764984,61.85619166288453,53.92721461885132,High School,Yes,25729.60985446395,Yes,No,No,Public,4.903128949980482,1.662557726214895,6.358236951327436,2.202855232694662,Excellent,3.160636664388099,4,23.18847157609061
S1158,Male,31.80744779074815,70.20503625129142,48.15964034019048,Graduate,No,42469.52671995398,Yes,Yes,No,Public,8.900541580717169,0.2758238855927577,2.548995425404999,4.99473269579171,Poor,2.298782806494427,5,46.97983018519931
S1159,Female,10.83329005048297,81.42368971776192,56.57846857170868,Postgraduate,Yes,91530.19943089843,No,No,No,Public,5.243854019125347,2.100999238195936,9.329699870666929,5.056986554977274,Good,2.041311863622719,5,44.52334152157239
S1160,Male,17.55885682822544,42.35872839046593,71.32064597603654,Postgraduate,No,79295.0230226511,No,Yes,Yes,Private,8.694329976760525,2.101280018889746,1.615006943610438,9.626480521009661,Excellent,1.245250107557336,8,35.38057926728122
S1161,Male,3.138255253690638,87.96462393454256,48.76445485760134,Graduate,No,60097.33521430456,No,No,Yes,Private,8.40746753872848,2.798759734054957,4.87337274721714,4.879781763609605,Excellent,5.712278366993076,3,20.46187790652867
S1162,Female,1.0140297366183,77.67402336945446,73.69042354943937,Postgraduate,No,33008.0498028345,No,No,No,Public,5.802936313602594,1.54220609389002,7.262177298899004,5.944083804124819,Average,2.964338854243565,1,36.24099082353357
S1163,Female,38.50593658711701,44.90554191693231,58.65881565338683,High School,No,37185.44516513155,No,Yes,Yes,Private,5.954938705386699,0.7677276700604925,5.122199905014329,5.799262593511922,Good,9.904885892016685,8,41.66020690780522
S1164,Female,33.43920482048824,92.41471744640663,68.64330265963861,Postgraduate,Yes,75876.22608270711,No,No,No,Public,8.755128351777515,0.2292350880011695,1.828857279096121,6.730855453398944,Excellent,6.169930802849852,1,47.39862511572364
S1165,Male,27.83896824374792,95.25234403190879,60.52885703947217,High School,No,86605.68347674937,Yes,No,No,Private,6.768673071323876,1.305362341389127,5.980411145140367,7.734095481987063,Good,2.240967424204094,9,45.76862124668136
S1166,Female,16.35811777657079,43.66467759129183,50.61260316793424,Graduate,Yes,70428.2202577553,No,No,Yes,Private,8.384908172270853,0.9755584302247552,6.774687179446191,3.025376885537849,Poor,7.198862867302288,8,38.11093957358371
S1167,Male,6.931772802833831,56.61265888883222,96.39173148735097,High School,No,82857.69781915976,Yes,No,No,Private,4.887904884195009,2.307156087469239,7.334130798914569,5.758519771885921,Good,9.079692098587527,1,46.33739615661397
S1168,Male,6.257481706843442,88.37207678758368,83.45240559118326,Postgraduate,No,78999.05216803653,Yes,No,No,Private,9.115346691409322,1.127376518039035,4.35933833016483,8.433259365844274,Excellent,7.706615458326529,7,40.59030914571859
S1169,Female,10.00971592658381,84.89558142301951,39.80792230365168,Postgraduate,Yes,23473.35711612619,No,No,Yes,Public,8.265308300093915,2.852306469313048,6.07293973925886,5.168032424537603,Average,1.687958749355029,8,24.93738349835577
S1170,Female,21.96906658824482,51.07126116138264,90.79275831285389,Postgraduate,Yes,48155.03316219718,No,No,No,Public,9.441656853009004,2.890699588664574,5.056178274450218,3.506117917362157,Excellent,9.062957630733935,9,44.60461977338176
S1171,Male,28.58383690800249,52.56095940020262,64.12018387746596,Graduate,Yes,23768.54207457064,Yes,No,No,Private,4.794234274209835,1.900634911631353,7.048504348770281,6.892381678206692,Good,8.145364472739683,8,40.11449790972912
S1172,Male,26.40789506870925,62.22832616748292,92.61865588258641,Graduate,No,31171.20263217863,No,Yes,Yes,Private,7.558087002163586,2.79311483234316,6.252012705923367,8.413906562192107,Good,2.424735100950529,9,53.27541596257279
S1173,Female,11.19735587783771,69.07137911146128,85.98986791631206,Postgraduate,No,88233.36621859473,No,Yes,No,Public,7.594723510241951,2.306477599092037,5.731805976032214,1.568262636346522,Excellent,1.466072998595352,8,41.41359498548267
S1174,Female,38.19461122652776,77.09528629181776,59.76494531284634,High School,Yes,52560.27690698639,Yes,No,Yes,Private,6.120764443280695,1.685892958827866,3.245719301544238,7.991114350665044,Good,6.015795177828776,1,51.18388321963786
S1175,Female,29.51587666783074,62.13481837418635,31.57285158240822,Graduate,Yes,58182.22916583948,Yes,No,No,Public,6.750798547415547,0.6228930127260565,1.018166659734105,8.394831396655942,Poor,2.404322302059792,3,43.38094001699317
S1176,Male,22.17416210045603,67.75208296798887,48.80741515694623,Postgraduate,Yes,26060.13687049949,Yes,Yes,Yes,Public,4.227889379739121,1.429934036190136,2.566735077802863,5.153706348297462,Excellent,8.51131857335745,6,41.13981109308536
S1177,Male,24.46882984937409,84.8482562880254,67.91439502626068,Postgraduate,Yes,38104.46074439165,No,Yes,Yes,Public,8.475160231762072,1.726535943751591,2.053594372817518,9.849750911366206,Average,4.225011910045064,1,46.89105916857905
S1178,Male,16.7840024971116,42.20099217343587,74.34347538783031,Graduate,No,30722.15515850829,Yes,Yes,Yes,Private,7.295934876419044,2.60548858413153,5.04176270509852,8.080375066365782,Excellent,9.216032002629179,0,36.54108969461443
S1179,Male,9.909239580046298,55.14621666064124,48.05213798032416,Graduate,Yes,28556.75480665838,No,No,No,Public,4.346446311215042,1.495866791953428,6.510323356856602,7.962963084060992,Poor,6.091193549269052,2,27.62521488734466
S1180,Male,14.23890714605046,82.80097515307315,39.75492518509769,Graduate,Yes,67416.47139843731,Yes,Yes,Yes,Private,8.084535357762913,2.703256550766074,2.917765078163273,7.730547169708646,Poor,2.644051458157013,3,40.08544000682485
S1181,Male,30.31384441857476,93.71241026123195,88.44511657595095,High School,Yes,33119.54628811433,Yes,No,Yes,Public,6.800692463387128,2.05561203916806,9.451513863704683,2.355472928964466,Poor,2.256389806238201,7,54.26498756270507
S1182,Female,0.5757395451902347,70.70064652693996,98.90815264924865,High School,Yes,66881.39374183766,Yes,No,Yes,Private,4.20676755655,0.497297282855647,1.06013916301499,2.955077978077097,Poor,6.188251938019786,5,44.26898446323859
S1183,Male,4.642905620276649,71.92680911591894,66.79831276118801,Postgraduate,No,15260.91526976985,No,Yes,Yes,Private,9.817646361088572,2.98544597104277,7.950709136488086,5.175911183179825,Poor,7.856952506761996,1,36.53800740905628
S1184,Male,1.84010568087011,46.43032068038656,42.01755000938125,Graduate,Yes,22759.69541743916,No,No,Yes,Private,9.694672858536643,1.628974716186347,6.62684292577398,3.376039149635193,Average,8.033550829679639,8,20.11845044718207
S1185,Male,1.629152092758805,66.84474200940727,49.06151285635583,High School,No,34708.62286001128,Yes,No,No,Public,7.077414496883185,1.236389059586329,4.361993209429137,4.737168751006364,Good,3.481816639971532,1,21.87673535647122
S1186,Female,34.21842336044029,71.9570359873014,31.28734735832267,Graduate,Yes,63734.22252061225,Yes,No,No,Public,4.562034524235461,2.011429916961627,1.454400499711671,8.996176989306285,Poor,2.838220830209507,4,39.07985326722154
S1187,Male,28.14631437520095,54.54823021808378,94.00091645923493,Postgraduate,Yes,70825.71205786383,Yes,No,No,Private,8.527727329591551,0.4157906105450133,6.647379146058515,8.418942026913424,Poor,1.150806740431442,3,50.0634268721907
S1188,Male,18.96695316349301,56.15459385696286,38.24257580230988,High School,No,49844.52701015744,No,Yes,No,Private,6.951586600634374,1.945962075584728,4.470521615790832,6.67035890631984,Excellent,7.112792360810524,6,32.79167512466559
S1189,Female,3.913366426040059,62.63704978627736,70.35615328599775,High School,Yes,50121.18231195061,Yes,Yes,No,Private,5.814684869736279,1.544884401447892,9.426404254718973,8.723083548259932,Average,1.689114325901851,7,32.53160098127499
S1190,Male,19.66463500467329,41.20427186666358,49.18386544810442,High School,No,75206.51662587564,No,No,No,Public,6.948509065171341,1.279354802995891,5.877910674007893,8.053951501155243,Average,4.786850815893333,4,36.9659745036986
S1191,Male,18.93887083122263,59.3247499349907,68.79246017610554,Postgraduate,No,11423.89825890242,Yes,No,No,Public,7.134664872432786,2.863758061418808,9.456863601641574,4.860864386568014,Good,6.415139476164665,9,35.69436746625964
S1192,Male,6.928074796400607,52.68688041979268,75.59942718463049,Graduate,Yes,40698.10220267985,Yes,Yes,Yes,Public,7.376270194134035,1.615365178522954,2.984353241259737,2.809586368449506,Average,9.433980504277093,4,44.54863557799739
S1193,Male,17.35406596951892,59.64984113067488,88.08192625950412,High School,No,83683.63514073094,Yes,No,No,Public,6.647342281931959,0.7354406904628213,7.531533193276929,5.627809360084052,Excellent,3.806219232601918,1,36.55798994265247
S1194,Male,15.94018937589494,47.18572790915508,44.44948902324222,Postgraduate,No,64289.7469192035,Yes,Yes,Yes,Private,7.63453181883434,1.430994090194166,6.555241187638531,7.626059942756951,Excellent,3.247949462018678,7,31.32191836194611
S1195,Female,24.63400392208866,93.4316368443937,30.76970800609363,Graduate,No,40350.44194798783,Yes,No,Yes,Private,9.512408263638264,2.766223473260751,7.654674068481807,4.927776388566337,Good,6.887441388574886,1,40.14799475217541
S1196,Female,25.40374603470575,75.61554721324292,39.58199410481651,Postgraduate,No,91497.23130967065,Yes,No,No,Public,6.173608522591547,0.6106768668587245,2.932010775752831,7.000947188055075,Excellent,6.573151288482235,9,33.18142074827143
S1197,Female,1.812160390881781,80.74613914866939,93.00130492936736,Graduate,No,79536.04547044443,No,Yes,Yes,Public,8.354298779319695,0.720475412195887,6.984950646139963,1.848946836619393,Poor,3.988988049773121,5,46.89645315420186
S1198,Male,14.98450458505885,87.3502743164403,91.17230542937607,Postgraduate,No,33840.59025130601,Yes,Yes,Yes,Private,9.366715340945394,0.1377857464955429,5.482363537511821,7.732042627342631,Poor,9.352916519588078,7,57.21314167492522
S1199,Male,25.03439662856945,69.90653193574343,71.81891715192158,Graduate,No,68076.08537731452,No,Yes,Yes,Public,6.735875654559622,0.1411511432477248,7.685424774156846,8.314422579037558,Excellent,8.603760947406695,5,34.45664598738262
S1200,Male,20.12545034320351,45.21521728524542,72.03618023035574,High School,No,63617.5655370061,Yes,Yes,Yes,Public,6.660735018291424,2.505235718179686,3.94340179736636,7.36154070202487,Good,3.01584291278573,3,41.21780170089129
S1201,Female,34.25959364753289,72.22639250911287,76.55256721823788,Graduate,Yes,46106.91226350844,Yes,No,No,Public,7.612701912128677,2.223155559844572,9.010513229187273,9.70537228773729,Average,3.152282908910709,3,38.64853202465671
S1202,Male,26.3477452647578,75.21046708125274,42.27598950364147,Postgraduate,Yes,43026.04712843206,No,Yes,No,Public,7.548440556534929,1.129619063710679,1.758711831502153,8.439868517145763,Good,5.610703121983725,5,33.43566435563007
S1203,Male,6.517377083257188,84.7263684510598,94.00883621474719,Postgraduate,No,40920.44272981335,Yes,No,No,Public,8.839536053957662,2.125102355959961,8.264703869120693,9.127843550888844,Average,7.962148915576483,3,55.90070721244372
S1204,Female,2.822749896017194,65.89957277378076,59.31393674244512,Graduate,Yes,65544.0205056082,No,Yes,No,Public,6.858900302669756,1.246097186298914,8.751876632335817,9.402139751118833,Excellent,1.39636341449618,7,29.1942853689363
S1205,Male,25.69677112825262,47.65481816773382,56.81969697746482,High School,No,49816.89428326026,No,Yes,No,Private,9.976737697836647,2.8634007083937,8.35527080230139,8.212131926864277,Excellent,7.24001638361236,8,30.9861813560424
S1206,Female,1.060452421664873,57.02655434792347,66.32423936979862,High School,No,84867.68019262799,Yes,No,No,Public,4.356829413203685,2.904452776135501,5.614537548355984,7.068329578058492,Poor,6.834123076438873,0,30.73707500426682
S1207,Female,23.43102325093853,61.78493778391811,33.28761767425385,Graduate,Yes,70264.23545205657,No,Yes,No,Public,4.019007091484211,1.239101949847096,4.945464820276852,1.051467232247103,Average,3.083320863216894,3,42.05521385025295
S1208,Female,37.6092096569983,78.75503447989607,41.63983581292555,Graduate,No,16293.84451384907,No,Yes,No,Private,7.841189869357743,2.577243528388517,9.966360578723892,5.192431779008122,Good,7.132177119172139,3,34.12823026662608
S1209,Male,23.01896711503516,74.24669828013472,81.66235314984593,Postgraduate,No,67615.14014453495,Yes,Yes,No,Private,5.79060947417126,2.341958220922652,3.062547560927459,6.140460687601249,Excellent,9.461648721268743,1,43.29908288879807
S1210,Male,15.52679704826088,61.36580355387078,35.79590675475885,High School,No,34403.26928501663,No,Yes,No,Private,5.442294332196903,0.9989998177981889,5.921883692884402,3.736272452031997,Good,1.421072604745917,5,36.70980997240429
S1211,Male,25.73152873769413,99.19091492757877,72.22064766264717,Graduate,No,63353.07924880804,Yes,No,Yes,Public,5.871394480025683,0.7729155038132073,7.03607972844093,3.862940022131248,Poor,3.876868497628563,2,61.08550049707623
S1212,Male,18.33011561966067,76.34648916141323,47.17443767769247,High School,Yes,71211.87379931062,Yes,No,No,Private,5.536285390629725,1.428880486139218,7.307808722752887,9.650434741391486,Average,4.943590449997197,6,36.23651926200323
S1213,Male,21.8246715726374,54.23360750415966,57.25069298293836,Graduate,No,30774.62702386109,Yes,Yes,Yes,Public,4.184740297962687,2.365911637781778,2.836221991647208,9.025397786824714,Average,9.093343230322207,4,30.55653451213519
S1214,Male,37.658592351061,46.10694835722423,50.20856157394899,Graduate,No,51117.27803923318,Yes,Yes,Yes,Public,9.829198254343531,2.884486575713362,6.885946831058211,8.642611049515338,Excellent,9.660353019482411,3,49.82661259309974
S1215,Male,15.44410551203097,49.17154835105993,54.89709015254644,High School,No,27129.2376537161,No,Yes,Yes,Public,5.32447293071669,2.31437929971306,8.365326098332035,4.654106215354996,Average,4.997037218466991,4,40.45329087953429
S1216,Female,38.44762255295657,54.75746370307048,80.33321336289718,Graduate,Yes,14710.49882078575,Yes,No,Yes,Private,8.404178575535838,2.580100256553273,1.45016719139001,1.123286953680231,Excellent,7.75025570927972,7,53.82524070947704
S1217,Male,36.21402567824255,49.64088239557334,50.79852009362225,Graduate,No,44062.87811372821,Yes,No,No,Private,8.57557836816505,1.848886487894498,9.203691639927849,1.722000218101427,Poor,5.784949213880347,2,35.59133103381127
S1218,Female,7.831645391571858,51.19402144307834,69.6483248207828,Postgraduate,Yes,42664.98446613928,No,No,Yes,Private,9.575544388043376,2.522682709442165,1.265536496306853,3.809767313958433,Average,5.840046412672389,6,34.02081318728907
S1219,Male,2.774452035006618,57.10571012163082,63.32352815393698,Graduate,Yes,99593.24416338313,Yes,No,No,Private,4.18329674256028,2.374820488209911,4.203739292395549,1.141686216961093,Excellent,3.502895635597208,5,30.72618087928575
S1220,Male,4.031120055097066,50.40241571768529,76.45698157538537,Graduate,No,50171.71160778779,Yes,Yes,No,Private,9.232290030682046,1.193258071586212,1.142318766096658,1.154348037236783,Good,2.952606212774916,0,36.28428216126939
S1221,Male,0.7288730260619891,93.8059254775855,95.57808175273306,Graduate,No,40021.25945249804,No,Yes,Yes,Public,7.163357085038801,1.700771876150091,1.694306516856237,9.2494297147817,Excellent,3.59204811331637,6,54.98116602241849
S1222,Female,3.777718430237136,44.81402473969853,81.28004680471753,Postgraduate,Yes,62242.75060450072,No,Yes,No,Public,7.795264659794968,2.433784053770115,9.200514566620711,7.355426519071487,Average,6.006952065313714,6,39.25499156713683
S1223,Female,27.32027093665427,71.47068337421528,45.04582650135298,High School,No,17989.06546969916,No,No,Yes,Public,7.866821662726202,0.2335645291508735,4.19374747671533,3.780603910613374,Poor,1.262396674198801,0,33.34911261498687
S1224,Female,2.847545938409159,64.6238096193797,32.18281945428993,Postgraduate,Yes,96549.91623593318,No,Yes,Yes,Public,8.918786829908365,2.443429918831907,4.822943773825476,2.193801198408579,Average,9.165240499207652,8,30.60110838562427
S1225,Female,12.75902521175045,98.94271701451638,48.35848310098775,Postgraduate,Yes,67146.40410319298,No,No,No,Private,6.000443932954663,0.6158755597421679,2.938099432442974,5.604721461055694,Average,2.406553385947986,5,40.96535911796556
S1226,Male,33.79501243877818,46.72233413008314,71.65545514901784,High School,No,77935.4037946763,No,No,No,Private,8.39830713915996,1.592582489652173,6.373861931680478,1.04811544768928,Excellent,2.980798091842479,1,47.79443732552783
S1227,Female,0.9308774294330346,63.87133594274449,33.59980694389753,Postgraduate,No,25343.01443565258,No,Yes,Yes,Public,7.171468658333183,2.443998774712219,6.353228932100107,9.445723694723297,Good,5.664485588028817,4,30.55926453988438
S1228,Male,32.57873930355743,98.16822599652212,64.74563730408654,High School,Yes,46853.00677046835,Yes,Yes,No,Private,8.760364085832087,0.836081126654415,4.349803526426973,4.733336074500524,Average,7.391032897035513,3,46.53093086438561
S1229,Male,11.274190990936,91.93042755363882,71.77899942418225,Postgraduate,Yes,48042.02020565706,No,Yes,No,Private,9.9432761966208,0.8128415739878437,3.997313846248585,4.621014597135995,Good,1.861561492699576,6,44.25033384082452
S1230,Female,4.72659310486625,89.02432425695679,53.39707235718726,High School,Yes,83962.57995109781,No,No,No,Public,5.203906104422567,1.26801675554053,8.964678773625291,4.51534246823604,Excellent,3.85925227792446,7,33.05735104369796
S1231,Female,27.86948661456602,55.47416962269639,83.96385426220753,Graduate,Yes,10111.30117834685,No,No,Yes,Public,9.967891849359987,2.69446411297514,4.449558156779812,1.623954973489883,Good,9.718071450169214,0,39.59248772220067
S1232,Female,25.15771387119536,50.25325524340395,37.46187771936403,Postgraduate,No,37076.77975179296,Yes,Yes,Yes,Private,4.538872925696644,0.1012840661679029,5.441508929389674,6.744900158126439,Excellent,3.361086701028511,4,33.08584980099274
S1233,Female,35.09888054108212,80.11859319546586,35.25964472150661,Postgraduate,No,98311.27369098735,Yes,Yes,No,Private,4.013905287428884,2.714010980261611,3.549742861824376,7.59703257665518,Poor,3.817451305568322,2,53.19894702990012
S1234,Female,29.40284175215543,95.76255934765516,80.97321293425223,Postgraduate,No,52739.78891555968,No,No,No,Public,4.264971617066988,0.5460403714606625,8.080925530214145,7.085128578294612,Good,8.528486415562302,0,46.00522372814011
S1235,Female,32.13923721539394,73.40577358083578,64.68439213443389,Postgraduate,No,44427.36522196074,No,Yes,No,Public,6.05069442842057,2.971250490595698,4.577033412091825,2.245919439964549,Good,1.451929885214097,2,46.78076418740755
S1236,Female,11.28138290285226,74.29676136819398,78.18816774994153,Graduate,No,20784.61018158817,No,No,No,Public,7.797437984070605,2.869056279811558,5.622499418898921,6.209561512320333,Poor,5.181518519280738,5,46.03107043513603
S1237,Female,7.097581751188913,56.79874561961705,60.43791370226224,Postgraduate,Yes,97674.8165765214,Yes,No,No,Private,4.414177245327098,1.534558049814722,3.280214530536953,6.125360357550284,Good,4.416550880065032,6,32.94554694335855
S1238,Male,30.02459006563434,86.16957599151621,47.24814232673748,Graduate,No,11802.3720333242,Yes,Yes,Yes,Public,4.033994887177403,1.586888718656622,9.888936331071266,8.815697091472439,Poor,3.84928083917786,7,42.85255365999952
S1239,Female,32.27338957069056,51.2226249134514,87.33716223719398,Graduate,No,76346.22025065188,No,Yes,No,Public,9.622546170752768,1.496493086799978,3.623461668313506,4.412148925380823,Average,3.571296346402881,3,42.85894766489558
S1240,Female,39.62020568002693,59.42075418425462,85.95911152782855,Graduate,No,79173.98243096576,Yes,Yes,Yes,Private,8.931559815639577,1.942786572412616,7.936682778149965,4.343373492934908,Excellent,1.822366943743683,2,54.68390028191108
S1241,Male,16.50470707645706,65.526186316985,78.62875295980987,Graduate,No,31929.104445748,No,Yes,No,Private,8.855099026834186,0.3630929364813,4.847460853210833,6.56674352846367,Poor,3.833432464164839,4,39.51192609684315
S1242,Female,14.88072343171133,70.4566227210673,49.05015960609739,High School,No,70440.25992517336,Yes,No,Yes,Private,9.306545653011863,0.1945920501905429,2.855956645757259,6.697653881495617,Good,1.387471624441017,8,23.80905327383444
S1243,Male,31.05651842967987,54.54458394490482,71.3161466808361,High School,Yes,18363.62299414509,Yes,No,No,Private,8.200205636632626,0.2673384924061067,8.19746887568375,5.223567045932113,Poor,8.028674772799917,5,50.69932926767239
S1244,Male,13.63214161012071,46.89020948435221,55.26817278580188,Postgraduate,Yes,33134.25397888719,No,No,Yes,Private,4.626424778488489,1.388659512800392,4.002461101261389,4.98753426097379,Good,4.584050145622105,8,36.20327947586951
S1245,Female,37.23029302414259,76.63720254649795,36.41074513286439,High School,Yes,80911.17894630384,No,Yes,No,Public,6.394601128442338,0.8990890237365018,8.7867401265803,5.447329035740944,Average,4.995134490879204,5,41.40108614307135
S1246,Male,34.33651007372048,57.31783319441534,94.211950282357,High School,No,87821.75728301863,No,No,Yes,Public,8.338896918787777,1.903914730875882,9.237314664260408,8.749407695529808,Poor,9.042351278051184,1,54.60712919410688
S1247,Male,17.15976109500073,74.87429328535674,39.5773041643273,Postgraduate,Yes,64763.77713938121,No,Yes,Yes,Private,5.682006764749126,2.978082639186859,8.738414518521484,5.15050211128519,Average,6.922494854750987,4,39.08354440794764
S1248,Male,30.03484271165989,49.26176291645214,96.51661476745618,Postgraduate,Yes,55615.45886384344,Yes,Yes,Yes,Private,8.124438184817425,1.220337201921751,1.315071233261251,9.459386127728402,Excellent,1.072531930079078,8,51.94297238208165
S1249,Male,30.18171496338729,68.86840611128905,61.2204041070569,Postgraduate,No,24337.36185570823,Yes,Yes,Yes,Private,4.146990689605914,1.764139636903089,8.086360105045951,5.536033872366934,Good,9.488573406651565,7,48.73257621353637
S1250,Female,4.124954753437304,71.95536595309515,42.95930501870338,High School,No,15679.81297712351,Yes,Yes,Yes,Private,5.836824045277559,1.305251298131273,4.702055198492295,9.542806238628023,Good,3.134300193799401,6,27.44143559323572
S1251,Male,36.10211626718267,43.10941220934561,67.93306631648507,High School,No,20588.41256262028,No,Yes,Yes,Private,7.294782017663036,2.557087836393392,8.863506281640026,8.495487116821682,Average,1.96852766283873,0,50.00256753655745
S1252,Female,20.21009489791428,60.19625669163523,91.10620851134857,Postgraduate,Yes,30462.15700864889,Yes,Yes,No,Public,7.792538977037454,2.71648557004049,6.741588364162649,4.261881903542462,Excellent,7.91315360542794,3,49.05908048056075
S1253,Male,33.05829864430967,48.06488061633846,81.25574204866928,Graduate,Yes,40750.70517072287,No,No,Yes,Public,7.462243986771465,2.644331275395254,8.502788207295627,8.772772791669544,Poor,5.504295842800463,6,48.18327791362172
S1254,Male,12.80198404122447,43.80249822836606,86.45928035030148,Postgraduate,No,44281.85729598885,Yes,Yes,No,Public,8.186537656440578,2.925679492169847,5.494885928801518,1.990569557810037,Poor,4.903935094162158,6,33.46877192369328
S1255,Male,35.82092913984802,99.39761394339672,76.11483566975022,Graduate,No,41168.95917301032,No,No,No,Public,4.036532489439034,0.1798056369072044,5.815229541390395,9.32542457808713,Good,3.245527717144676,5,58.47712441705216
S1256,Male,15.56806714936652,59.34123069848338,78.45935951624966,Graduate,Yes,31514.9798977539,No,No,No,Private,4.605647199865129,2.53546687022204,2.299488689203005,6.684791635746024,Average,5.927243408760868,7,37.47350626684593
S1257,Female,0.4335060592119344,88.5924667512781,89.44369560957236,Postgraduate,Yes,55875.18220765283,Yes,Yes,No,Public,9.21366551367487,2.28013930181337,8.055886228204198,1.489516736700801,Average,3.469461446823287,5,41.53359082416963
S1258,Female,36.21527905677055,55.27843928582583,47.47676062014301,Postgraduate,No,84275.74974096072,No,Yes,No,Private,8.090491864540967,0.7632137872610578,4.774506505002744,6.798310512857304,Poor,9.114247047583609,9,35.70794952433568
S1259,Male,3.651467071445342,80.89016333343577,64.25974745501983,Postgraduate,No,35173.31846243313,No,Yes,Yes,Private,4.677589856116068,2.87332827082383,5.500721064444243,9.768228887302804,Excellent,2.936840317598735,2,31.58536907227512
S1260,Male,12.77254550361659,85.61367159338118,45.48466092737215,High School,Yes,94814.83171920099,Yes,No,Yes,Private,9.052446624391475,0.5297159918668418,8.065879426861368,1.62820589153166,Excellent,8.959196354101781,3,46.50100781341933
S1261,Female,38.0024786820322,75.73832443647066,99.13676055976529,Graduate,No,88600.29955514631,No,Yes,Yes,Public,5.453387306947402,2.070694788688334,6.389608600714951,5.992189388020777,Poor,6.034648831546213,2,66.74637983797862
S1262,Male,38.02428587750224,68.2945713130095,96.08415377806293,High School,Yes,24558.77902168986,No,No,No,Private,6.869559305171341,0.7521816287661461,2.809888546984007,7.730149147834352,Poor,8.456393205057168,0,67.29571225774298
S1263,Male,22.93751552493145,64.71045484883611,32.75987679579541,High School,Yes,80764.83610813851,No,Yes,Yes,Public,4.871179077307962,1.351003881444817,6.312093932358034,8.292327280295781,Average,7.415613962748595,9,25.8305851207006
S1264,Male,25.27348848679197,60.93209599257972,79.3902620760982,Postgraduate,Yes,61712.86440859899,Yes,Yes,Yes,Public,8.26066033853024,2.18556370113925,4.668695721816902,4.724447187887162,Excellent,7.270256002930737,4,46.46916196561665
S1265,Female,17.93782087913279,95.77174865486955,94.7673822190966,High School,Yes,60991.78259542767,Yes,No,Yes,Private,8.001126526085606,1.733641461895835,5.225729878394764,2.837499032514187,Poor,3.919112269255502,0,48.29215462233553
S1266,Female,11.72843086792258,89.83716446726375,42.64027415891334,Postgraduate,No,45193.8486752357,No,No,Yes,Private,5.266674826996817,1.339755310851524,1.25480146962401,1.381080508951455,Poor,3.105072383249831,0,31.97241310231047
S1267,Female,13.14658181479664,97.90161463999075,69.75616613868407,Graduate,No,55103.76992638088,Yes,Yes,Yes,Private,9.180404601142012,1.046381449702763,2.890264145646535,6.217535413875023,Good,2.897976049127093,1,41.17517057843916
S1268,Male,26.90073824308154,47.45783340913268,94.08418083116293,Postgraduate,Yes,45746.08996862899,No,No,No,Public,6.407836145318273,2.535013001555492,3.529342732429254,5.076199632408497,Poor,8.714724913536298,3,54.67503626061584
S1269,Male,30.0949811775072,83.85204851221866,32.37621850100592,High School,Yes,58575.93568839486,No,No,Yes,Private,5.755090546424451,0.5170616159129597,7.416640070729252,9.5386995563474,Poor,8.38384138233118,5,36.54011933323959
S1270,Female,31.66316174903394,96.30042740926227,78.8194187072788,High School,Yes,66515.50474953723,No,No,No,Public,4.913977536787213,1.34729834193642,1.103432259683038,1.545444169434188,Excellent,4.965161752110766,7,60.91307246211976
S1271,Female,31.58472571178216,50.87398396993961,50.81443051607855,Postgraduate,Yes,70687.34257681435,No,No,No,Private,5.597008075093225,2.720896958147912,4.678995351062189,7.168558091014051,Average,2.191641521468092,2,41.07362068146693
S1272,Female,3.648244121947615,43.98977604200665,94.70773367635712,Postgraduate,Yes,57923.30733034835,No,No,No,Private,4.132161527342902,2.552963696333906,9.316241833831596,1.224695999080514,Excellent,4.440270267797125,0,50.18776672061146
S1273,Female,19.77681218810326,84.46723895740354,97.97407716157575,High School,No,74927.98605958585,Yes,Yes,No,Public,7.499544954736693,1.262731111171836,2.006925548942115,2.542907590394885,Average,6.574091087232203,2,46.79917469949611
S1274,Male,2.302350400665771,74.46838679079471,96.09865423794038,Graduate,No,22715.02443479552,No,Yes,No,Public,9.053384478063688,2.313014254443794,5.647819493967499,5.082210999305508,Good,5.089628390319575,2,50.94037998874136
S1275,Female,21.98115529294942,90.50972660549633,63.19499516602247,Graduate,No,29078.42418120147,Yes,No,Yes,Public,7.293882696649851,2.487166409055692,8.078701441517623,5.093851985225814,Poor,8.021703416346956,4,51.58511034008941
S1276,Male,17.66122005493508,48.38634259757737,90.34298556925194,Postgraduate,No,83686.1503666843,Yes,Yes,Yes,Public,5.315643771543254,2.677773529610526,9.48278176768105,7.171304886402795,Good,9.978605400262468,3,38.97775802212991
S1277,Female,35.50816731033199,87.71603871159341,89.11845789745493,Graduate,Yes,39027.51800617737,No,Yes,Yes,Public,4.202015069283236,1.679066730242761,7.720989755803462,9.19191731380981,Average,2.720188796040071,3,63.51767871805376
S1278,Male,14.03660050208315,52.09763920286467,52.33703312702789,High School,Yes,12060.44424785082,No,No,No,Public,5.287768439552817,0.6929365695586642,7.485089937799655,6.751289430234287,Excellent,5.136857376936152,8,33.4160027946457
S1279,Female,4.682680657104235,49.81935657194227,88.02408319054742,Postgraduate,Yes,23841.2034701228,Yes,Yes,Yes,Private,6.496728568426554,0.8403963218614017,8.438392811761862,9.58181588066358,Excellent,4.878855117287398,6,37.10678723462734
S1280,Female,5.719667282113434,49.85594787585958,32.59053443008448,High School,Yes,30125.29910466801,Yes,No,Yes,Private,8.557668572198779,0.9575145547206522,5.015810988797893,8.934540758901978,Good,3.740432794740558,3,17.91653938218264
S1281,Female,30.46042526869889,88.87448321388293,71.73889149374372,High School,Yes,96159.05991051285,Yes,No,No,Public,5.127057115226645,1.822027194347885,8.252600793560497,6.260498159777113,Average,2.782859650482606,2,47.88518694113332
S1282,Female,24.72872253265044,79.911833241772,46.10061861013921,Graduate,No,61573.72860377644,No,Yes,No,Private,8.318748720128117,0.1951479099729645,1.07167964270906,8.504127558269445,Good,1.591229048406933,5,49.95310172338597
S1283,Male,4.04490704491161,71.38392548614716,38.43968200440952,Postgraduate,Yes,93945.76664286293,Yes,No,No,Public,9.201600810111302,1.944523159461908,9.321049498391243,6.783198492912707,Good,8.984073855013285,2,27.43006661130434
S1284,Female,3.364272244599897,61.52982904741015,35.38672411404464,Postgraduate,No,61764.70154469625,No,No,No,Private,6.723681088650142,1.156627291441873,4.989758585654577,1.707020478313544,Poor,4.778638279176858,5,28.17834194919268
S1285,Male,28.0387652583648,92.6320324487865,78.74021431146979,Graduate,No,53141.89961240666,No,No,Yes,Private,8.928591949855559,0.9562012272199623,5.980421690791728,7.66508250933559,Good,5.47205966650044,8,49.4094799782064
S1286,Male,2.910520254567741,63.54670644535813,53.79124746376463,High School,No,38235.49220746865,No,No,No,Public,7.327944088210574,2.650540055111566,3.293940240233941,1.854175971406116,Poor,9.252478433808243,5,26.11165889891992
S1287,Male,32.87440237161425,88.99596636829463,80.73367400701329,High School,No,64573.3849990038,Yes,No,No,Public,7.82254502248543,1.434006947184317,7.682777495563792,6.346745025127412,Poor,7.986614297643531,3,60.57898047065832
S1288,Male,28.24968908625985,66.3480945142131,34.57494385592597,High School,Yes,22527.82221557769,No,Yes,Yes,Public,7.157670762029216,0.3756538320448091,1.689722258277239,7.32376185272406,Excellent,2.174511377054658,4,28.19409663636669
S1289,Female,3.253951225675991,62.61666576549445,52.07032364814272,High School,No,90843.54645634354,No,Yes,Yes,Private,6.77903630050805,2.497565627276116,8.853722222921517,1.598748473897697,Poor,6.088779708469682,5,27.36994189828575
S1290,Male,3.393508563407677,67.76078714017639,67.7643904662736,Postgraduate,No,84639.91646271553,No,No,No,Public,5.407920650655096,0.2381596465658691,8.453051461057084,3.077151885338786,Poor,4.980270488676032,2,35.40901504864159
S1291,Male,39.46558314004702,58.08267244984852,85.35062153872744,Postgraduate,No,38577.83030890633,No,No,Yes,Private,5.819164356766276,2.20757275008777,2.944541046202898,9.241050090354848,Excellent,8.174899653208865,7,53.56481721680701
S1292,Male,14.97083183024481,84.85656281057507,52.31267520524489,Graduate,Yes,95751.7774841165,No,Yes,No,Public,5.739820713661654,2.344328043134929,8.28391958456736,6.546830430096067,Good,7.518092928507543,3,37.75798143070563
S1293,Female,14.82568588267564,70.16322340554875,73.81239635059063,Graduate,Yes,84268.06906740113,Yes,No,No,Private,7.379733585722889,1.122547557193689,8.077219597553334,3.216574169294784,Average,7.213651497199647,7,44.08573684483681
S1294,Female,32.5119826903001,53.93276170880904,92.0184423765331,Postgraduate,Yes,69967.61972515358,No,Yes,Yes,Private,4.719722158143339,2.491884783205581,6.689949379785541,7.21611794033206,Average,4.064903519319072,9,54.86115690993084
S1295,Female,37.88994309535435,93.97447439647411,73.11042317276133,Postgraduate,No,20958.57200127473,No,No,Yes,Public,9.50075014421401,1.595412276983715,4.361681592097188,6.370987779655207,Average,8.24467357359329,9,59.55718679656161
S1296,Female,39.44004255291483,63.03347328239268,46.30716323275436,High School,No,53041.0620743265,Yes,No,No,Private,8.323930871698678,1.443551594491111,3.443488787636811,5.514181299261535,Good,1.471521660353751,2,37.34584160413165
S1297,Male,30.13512741035766,72.61317166683932,31.70805470895766,High School,Yes,55549.67993620758,No,No,No,Private,6.408673785479162,0.2316695162592084,3.08605231260415,9.785682774892754,Poor,2.436624112889505,9,34.66832622055424
S1298,Male,15.05038342123663,94.38832665787282,90.90692117306509,Graduate,No,30929.62225288421,Yes,No,No,Public,4.951744867158268,0.941084661581827,3.867480664872465,7.15108399666758,Average,4.020609456801205,6,58.14370936137343
S1299,Female,3.340028667946751,77.45427975483952,31.4888587595271,Postgraduate,Yes,17196.88549233718,No,No,Yes,Private,9.291953018329815,2.799928915567369,9.132025990892773,4.378969987011214,Good,1.691266969623531,8,30.7467609838741
